Видеокамера Optimus IP-E021.0(3.6),2 865 р,
Видеокамера Optimus IP-E021.0(2.8),2 882 р,
Видеокамера Optimus IP-E041.0(3.6),3 208 р,
Видеокамера Optimus IP-E011.0(2.8),3 333 р,
Видеокамера Optimus IP-E021.3(3.6),3 817 р,
Видеокамера Optimus IP-E011.3(3.6),4 182 р,
Видеокамера  Optimus IP-E011.3(3.6)P,4 965 р,
Видеокамера Optimus IP-E021.3(3.6)P,5 262 р,
Видеокамера Optimus IP-H061.0W(2.8),5 347 р,
Видеокамера Optimus IP-E022.1(3.6)_V2035,5 347 р,
Видеокамера Optimus IP-E021.3(3.6)AP,5 442 р,
Видеокамера Optimus IP-E022.1(3.6),5 538 р,
Видеокамера Optimus IP-E011.3(2.8-12)P,5 710 р,
Видеокамера Optimus IP-E022.1(3.6)P_V2035,5 720 р,
Видеокамера Optimus IP-E012.1(3.6)P_V2035,5 824 р,
Видеокамера Optimus IP-E022.1(3.6)P,5 862 р,
Видеокамера Optimus IP-E021.0(3.6),2 865 р,
Видеокамера Optimus IP-E021.0(2.8),2 882 р,
Видеокамера Optimus IP-E041.0(3.6),3 208 р,
Видеокамера Optimus IP-E011.0(2.8),3 333 р,
Видеокамера Optimus IP-E021.3(3.6),3 817 р,
Видеокамера Optimus IP-E011.3(3.6),4 182 р,
Видеокамера  Optimus IP-E011.3(3.6)P,4 965 р,
Видеокамера Optimus IP-E021.3(3.6)P,5 262 р,
Видеокамера Optimus IP-H061.0W(2.8),5 347 р,
Видеокамера Optimus IP-E022.1(3.6)_V2035,5 347 р,
Видеокамера Optimus IP-E021.3(3.6)AP,5 442 р,
Видеокамера Optimus IP-E021.0(3.6),2 865 р,
Видеокамера Optimus IP-E021.0(2.8),2 882 р,
Видеокамера Optimus IP-E041.0(3.6),3 208 р,
Видеокамера Optimus IP-E011.0(2.8),3 333 р,
Видеокамера Optimus IP-E021.3(3.6),3 817 р,
Видеокамера Optimus IP-E011.3(3.6),4 182 р,
Видеокамера  Optimus IP-E011.3(3.6)P,4 965 р,
Видеокамера Optimus IP-E021.3(3.6)P,5 262 р,
Видеокамера Optimus IP-H061.0W(2.8),5 347 р,
Видеокамера Optimus IP-E022.1(3.6)_V2035,5 347 р,
Видеокамера Optimus IP-E021.3(3.6)AP,5 442 р,
Видеокамера Optimus IP-E022.1(3.6),5 538 р,
Видеокамера Optimus IP-E011.3(2.8-12)P,5 710 р,
Видеокамера Optimus IP-E021.0(3.6),2 865 р,http://optimus-cctv.ru/components/com_jshopping/files/img_products/IP_E021.0_3.6_..jpg
Видеокамера Optimus IP-E021.0(2.8),2 882 р,http://optimus-cctv.ru/components/com_jshopping/files/img_products/IP_E0212.jpg
Видеокамера Optimus IP-E041.0(3.6),3 208 р,http://optimus-cctv.ru/components/com_jshopping/files/img_products/E041.0_3.6_.jpg
Видеокамера Optimus IP-E011.0(2.8),3 333 р,http://optimus-cctv.ru/components/com_jshopping/files/img_labels/hit1.png
Видеокамера Optimus IP-E021.3(3.6),3 817 р,http://optimus-cctv.ru/components/com_jshopping/files/img_products/optimus_ip_e0213_3_3_6.jpg
Видеокамера Optimus IP-E011.3(3.6),4 182 р,http://optimus-cctv.ru/components/com_jshopping/files/img_products/IP_E0112.jpg
Видеокамера  Optimus IP-E011.3(3.6)P,4 965 р,http://optimus-cctv.ru/components/com_jshopping/files/img_products/IP_E011.jpg
Видеокамера Optimus IP-E021.3(3.6)P,5 262 р,http://optimus-cctv.ru/components/com_jshopping/files/img_products/IP_E021.3_3.6_P___IP_E022.1_3.6_P.jpg
Видеокамера Optimus IP-H061.0W(2.8),5 347 р,http://optimus-cctv.ru/components/com_jshopping/files/img_products/IP_H.jpg
Видеокамера Optimus IP-E022.1(3.6)_V2035,5 347 р,http://optimus-cctv.ru/components/com_jshopping/files/img_products/IP_E022.jpg
Видеокамера Optimus IP-E021.3(3.6)AP,5 442 р,http://optimus-cctv.ru/components/com_jshopping/files/img_products/IP_E021_3_3_6_AP.jpg
